{
    "testenv": {
        "awscloudformation": {
            "AuthRoleName": "amplify-test-testenv-193212-authRole",
            "UnauthRoleArn": "arn:aws:iam::520532952078:role/amplify-test-testenv-193212-unauthRole",
            "AuthRoleArn": "arn:aws:iam::520532952078:role/amplify-test-testenv-193212-authRole",
            "Region": "us-east-1",
            "DeploymentBucketName": "amplify-test-testenv-193212-deployment",
            "UnauthRoleName": "amplify-test-testenv-193212-unauthRole",
            "StackName": "amplify-test-testenv-193212",
            "StackId": "arn:aws:cloudformation:us-east-1:520532952078:stack/amplify-test-testenv-193212/a791f820-2e89-11ea-8081-12da3ecd6186",
            "AmplifyAppId": "d2ep10hkc4i4mf"
        },
        "categories": {
            "function": {
                "test4f72841fCustomMessage": {
                    "REDIRECTURL": "",
                    "EMAILSUBJECT": "",
                    "EMAILMESSAGE": ""
                }
            },
            "auth": {
                "test4f72841f": {
                    "hostedUIProviderCreds": "[]"
                }
            }
        }
    }
}