{
	"providers": {
		"awscloudformation": {
			"AuthRoleName": "amplify-test-testenv-193212-authRole",
			"UnauthRoleArn": "arn:aws:iam::520532952078:role/amplify-test-testenv-193212-unauthRole",
			"AuthRoleArn": "arn:aws:iam::520532952078:role/amplify-test-testenv-193212-authRole",
			"Region": "us-east-1",
			"DeploymentBucketName": "amplify-test-testenv-193212-deployment",
			"UnauthRoleName": "amplify-test-testenv-193212-unauthRole",
			"StackName": "amplify-test-testenv-193212",
			"StackId": "arn:aws:cloudformation:us-east-1:520532952078:stack/amplify-test-testenv-193212/a791f820-2e89-11ea-8081-12da3ecd6186",
			"AmplifyAppId": "d2ep10hkc4i4mf"
		}
	},
	"function": {
		"test4f72841fCustomMessage": {
			"service": "Lambda",
			"providerPlugin": "awscloudformation",
			"build": true,
			"lastBuildTimeStamp": "2020-01-04T00:36:03.881Z",
			"lastPackageTimeStamp": "2020-01-04T00:36:03.957Z",
			"distZipFilename": "test4f72841fCustomMessage-66372b5a416767526c37-build.zip",
			"providerMetadata": {
				"s3TemplateURL": "https://s3.amazonaws.com/amplify-test-testenv-193212-deployment/amplify-cfn-templates/function/test4f72841fCustomMessage-cloudformation-template.json",
				"logicalId": "functiontest4f72841fCustomMessage"
			},
			"lastPushTimeStamp": "2020-01-04T01:30:01.608Z",
			"output": {
				"Region": "us-east-1",
				"Arn": "arn:aws:lambda:us-east-1:520532952078:function:test4f72841fCustomMessage-testenv",
				"Name": "test4f72841fCustomMessage-testenv",
				"LambdaExecutionRole": "test4f72841fCustomMessage-testenv"
			},
			"lastPushDirHash": "DFL80BBV8a8iJt7uYnX7za/MS54="
		}
	},
	"auth": {
		"test4f72841f": {
			"service": "Cognito",
			"providerPlugin": "awscloudformation",
			"dependsOn": [
				{
					"category": "function",
					"resourceName": "test4f72841fCustomMessage",
					"triggerProvider": "Cognito",
					"attributes": [
						"Arn",
						"Name"
					]
				}
			],
			"providerMetadata": {
				"s3TemplateURL": "https://s3.amazonaws.com/amplify-test-testenv-193212-deployment/amplify-cfn-templates/auth/test4f72841f-cloudformation-template.yml",
				"logicalId": "authtest4f72841f"
			},
			"lastPushTimeStamp": "2020-01-04T01:30:01.608Z",
			"output": {
				"AppClientSecret": "1p8cg2qlckjvev7vcp19q82rr46s9137c3iu41007ec02qfvci2a",
				"UserPoolId": "us-east-1_nrZVKLsYr",
				"AppClientIDWeb": "4ut9aubqq3mm25apc6tcg5c06l",
				"AppClientID": "4lndf6kqivq0ua0e1umijsjsh4",
				"IdentityPoolId": "us-east-1:26c0fb8e-207b-437e-886b-f77580a3b1d0",
				"IdentityPoolName": "test4f72841f_identitypool_4f72841f__testenv",
				"UserPoolName": "test4f72841f_userpool_4f72841f",
				"HostedUIDomain": "test3be1c7e9-3be1c7e9-testenv",
				"OAuthMetadata": "{\"AllowedOAuthFlows\":[\"code\"],\"AllowedOAuthScopes\":[\"email\",\"openid\",\"profile\",\"aws.cognito.signin.user.admin\"],\"CallbackURLs\":[\"http://localhost:3000/\"],\"LogoutURLs\":[\"http://localhost:3000/\"]}"
			},
			"lastPushDirHash": "vqvzQWhJC90mcui0ulxvWVnzUuw="
		}
	}
}