{
    "function": {
        "test4f72841fCustomMessage": {
            "service": "Lambda",
            "providerPlugin": "awscloudformation",
            "build": true
        }
    },
    "auth": {
        "test4f72841f": {
            "service": "Cognito",
            "providerPlugin": "awscloudformation",
            "dependsOn": [
                {
                    "category": "function",
                    "resourceName": "test4f72841fCustomMessage",
                    "triggerProvider": "Cognito",
                    "attributes": [
                        "Arn",
                        "Name"
                    ]
                }
            ]
        }
    }
}